{
    "f1": 0.7392875476457059,
    "accuracy": 0.742,
    "precision": 0.7525083891216882,
    "recall": 0.742
}