{
    "f1": 0.8012359509956273,
    "accuracy": 0.802,
    "precision": 0.8067160662344204,
    "recall": 0.802
}