{
    "f1": 0.6232743534901808,
    "accuracy": 0.628,
    "precision": 0.6347618085034701,
    "recall": 0.628
}