{
    "f1": 0.693105094455432,
    "accuracy": 0.694,
    "precision": 0.6962895209726248,
    "recall": 0.694
}