{
    "f1": 0.5983935742971888,
    "accuracy": 0.61,
    "precision": 0.6243781094527363,
    "recall": 0.61
}